eeg_id,other_vote,seizure_vote,lpd_vote,grda_vote,gpd_vote,lrda_vote
3911565283,0.6037094533046339,0.04631181310790121,0.09854216979472767,0.1668943182426799,0.042893374804663396,0.041648870745394036
